/* 
Insertar valores en la database

informacion sacada de:
https://es.wikipedia.org/wiki/Regiones_de_Chile
16 regiones 2022

INSERT "REGIONES"
 */
INSERT INTO Region(codigo_region, nombre)
VALUES
(1,'Arica-Parinacota'),
(2,'Tarapacá'),
(3,'Antofagasta'),
(4,'Atacama'),
(5,'Coquimbo'),
(6,'Valparaíso'),
(7,'Metropolitana'),
(8,'OHiggins'),
(9,'Maule'),
(10,'Ñuble'),
(11,'BíoBío'),
(12,'Araucanía'),
(13,'Los Ríos'),
(14,'Los Lagos'),
(15,'Aysén'),
(16,'Magallanes y Antártica Chilena');

/* 
informacion sacada de:
https://es.wikipedia.org/wiki/Anexo:Comunas_de_Chile
346 comunas en Chile

Insert 'Comunas'
 */
INSERT INTO Comuna(codigo_comuna, nombre, codigo_region)
VALUES
(1, 'Arica', 1),
(2, 'Camarones', 1),
(3, 'Putre', 1),
(4, 'General Lagos', 1),
(5, 'Iquique', 2),
(6, 'Alto Hospicio', 2),
(7, 'Pozo Almonte', 2),
(8, 'Camiña', 2),
(9, 'Colchane', 2),
(10, 'Huara', 2),
(11, 'Pica', 2),
(12, 'Antofagasta', 3),
(13, 'Mejillones', 3),
(14, 'Sierra Gorda', 3),
(15, 'Taltal', 3),
(16, 'Calama', 3),
(17, 'Ollague', 3),
(18, 'San Pedro de Atacama', 3),
(19, 'Tocopilla', 3),
(20, 'María Elena', 3),
(21, 'Copiapó', 4),
(22, 'Caldera', 4),
(23, 'Tierra Amarilla', 4),
(24, 'Chañaral', 4),
(25, 'Diego de Almagro', 4),
(26, 'Vallenar', 4),
(27, 'Alto del Carmen', 4),
(28, 'Freirina', 4),
(29, 'Huasco', 4),
(30, 'La Serena', 5),
(31, 'Coquimbo', 5),
(32, 'Andacollo', 5),
(33, 'La Higuera', 5),
(34, 'Paiguano', 5),
(35, 'Vicuña', 5),
(36, 'Illapel', 5),
(37, 'Canela', 5),
(38, 'Los Vilos', 5),
(39, 'Salamanca', 5),
(40, 'Ovalle', 5),
(41, 'Combarbalá', 5),
(42, 'Monte Patria', 5),
(43, 'Punitaqui', 5),
(44, 'Río Hurtado', 5),
(45, 'Valparaíso', 6),
(46, 'Casablanca', 6),
(47, 'Concón', 6),
(48, 'Juan Fernández', 6),
(49, 'Puchuncaví', 6),
(50, 'Quintero', 6),
(51, 'Viña del Mar', 6),
(52, 'Isla de Pascua', 6),
(53, 'Los Andes', 6),
(54, 'Calle Larga', 6),
(55, 'Rinconada', 6),
(56, 'San Esteban', 6),
(57, 'La Ligua', 6),
(58, 'Cabildo', 6),
(59, 'Papudo', 6),
(60, 'Petorca', 6),
(61, 'Zapallar', 6),
(62, 'Quillota', 6),
(63, 'Calera', 6),
(64, 'Hijuelas', 6),
(65, 'La Cruz', 6),
(66, 'Nogales', 6),
(67, 'San Antonio', 6),
(68, 'Algarrobo', 6),
(69, 'Cartagena', 6),
(70, 'El Quisco', 6),
(71, 'El Tabo', 6),
(72, 'Santo Domingo', 6),
(73, 'San Felipe', 6),
(74, 'Catemu', 6),
(75, 'Llaillay', 6),
(76, 'Panquehue', 6),
(77, 'Putaendo', 6),
(78, 'Santa María', 6),
(79, 'Quilpué', 6),
(80, 'Limache', 6),
(81, 'Olmué', 6),
(82, 'Villa Alemana', 6),
(83, 'Rancagua', 8),
(84, 'Codegua', 8),
(85, 'Coinco', 8),
(86, 'Coltauco', 8),
(87, 'Doñihue', 8),
(88, 'Graneros', 8),
(89, 'Las Cabras', 8),
(90, 'Machalí', 8),
(91, 'Malloa', 8),
(92, 'Mostazal', 8),
(93, 'Olivar', 8),
(94, 'Peumo', 8),
(95, 'Pichidegua', 8),
(96, 'Quinta de Tilcoco', 8),
(97, 'Rengo', 8),
(98, 'Requínoa', 8),
(99, 'San Vicente', 8),
(100, 'Pichilemu', 8),
(101, 'La Estrella', 8),
(102, 'Litueche', 8),
(103, 'Marchihue', 8),
(104, 'Navidad', 8),
(105, 'Paredones', 8),
(106, 'San Fernando', 8),
(107, 'Chépica', 8),
(108, 'Chimbarongo', 8),
(109, 'Lolol', 8),
(110, 'Nancagua', 8),
(111, 'Palmilla', 8),
(112, 'Peralillo', 8),
(113, 'Placilla', 8),
(114, 'Pumanque', 8),
(115, 'Santa Cruz', 8),
(116, 'Talca', 9),
(117, 'Constitución', 9),
(118, 'Curepto', 9),
(119, 'Empedrado', 9),
(120, 'Maule', 9),
(121, 'Pelarco', 9),
(122, 'Pencahue', 9),
(123, 'Río Claro', 9),
(124, 'San Clemente', 9),
(125, 'San Rafael', 9),
(126, 'Cauquenes', 9),
(127, 'Chanco', 9),
(128, 'Pelluhue', 9),
(129, 'Curicó', 9),
(130, 'Hualañé', 9),
(131, 'Licantén', 9),
(132, 'Molina', 9),
(133, 'Rauco', 9),
(134, 'Romeral', 9),
(135, 'Sagrada Familia', 9),
(136, 'Teno', 9),
(137, 'Vichuquén', 9),
(138, 'Linares', 9),
(139, 'Colbún', 9),
(140, 'Longaví', 9),
(141, 'Parral', 9),
(142, 'Retiro', 9),
(143, 'San Javier', 9),
(144, 'Villa Alegre', 9),
(145, 'Yerbas Buenas', 9),
(146, 'Cobquecura', 10),
(147, 'Coelemu', 10),
(148, 'Ninhue', 10),
(149, 'Portezuelo', 10),
(150, 'Quirihue', 10),
(151, 'Ránquil', 10),
(152, 'Treguaco', 10),
(153, 'Bulnes', 10),
(154, 'Chillán Viejo', 10),
(155, 'Chillán', 10),
(156, 'El Carmen', 10),
(157, 'Pemuco', 10),
(158, 'Pinto', 10),
(159, 'Quillón', 10),
(160, 'San Ignacio', 10),
(161, 'Yungay', 10),
(162, 'Coihueco', 10),
(163, 'Ñiquén', 10),
(164, 'San Carlos', 10),
(165, 'San Fabián', 10),
(166, 'San Nicolás', 10),
(167, 'Concepción', 11),
(168, 'Coronel', 11),
(169, 'Chiguayante', 11),
(170, 'Florida', 11),
(171, 'Hualqui', 11),
(172, 'Lota', 11),
(173, 'Penco', 11),
(174, 'San Pedro de la Paz', 11),
(175, 'Santa Juana', 11),
(176, 'Talcahuano', 11),
(177, 'Tomé', 11),
(178, 'Hualpén', 11),
(179, 'Lebu', 11),
(180, 'Arauco', 11),
(181, 'Cañete', 11),
(182, 'Contulmo', 11),
(183, 'Curanilahue', 11),
(184, 'Los Álamos', 11),
(185, 'Tirúa', 11),
(186, 'Los Ángeles', 11),
(187, 'Antuco', 11),
(188, 'Cabrero', 11),
(189, 'Laja', 11),
(190, 'Mulchén', 11),
(191, 'Nacimiento', 11),
(192, 'Negrete', 11),
(193, 'Quilaco', 11),
(194, 'Quilleco', 11),
(195, 'San Rosendo', 11),
(196, 'Santa Bárbara', 11),
(197, 'Tucapel', 11),
(198, 'Yumbel', 11),
(199, 'Alto Biobío', 11),
(200, 'Temuco', 12),
(201, 'Carahue', 12),
(202, 'Cunco', 12),
(203, 'Curarrehue', 12),
(204, 'Freire', 12),
(205, 'Galvarino', 12),
(206, 'Gorbea', 12),
(207, 'Lautaro', 12),
(208, 'Loncoche', 12),
(209, 'Melipeuco', 12),
(210, 'Nueva Imperial', 12),
(211, 'Padre las Casas', 12),
(212, 'Perquenco', 12),
(213, 'Pitrufquén', 12),
(214, 'Pucón', 12),
(215, 'Saavedra', 12),
(216, 'Teodoro Schmidt', 12),
(217, 'Toltén', 12),
(218, 'Vilcún', 12),
(219, 'Villarrica', 12),
(220, 'Cholchol', 12),
(221, 'Angol', 12),
(222, 'Collipulli', 12),
(223, 'Curacautín', 12),
(224, 'Ercilla', 12),
(225, 'Lonquimay', 12),
(226, 'Los Sauces', 12),
(227, 'Lumaco', 12),
(228, 'Purén', 12),
(229, 'Renaico', 12),
(230, 'Traiguén', 12),
(231, 'Victoria', 12),
(232, 'Valdivia', 13),
(233, 'Corral', 13),
(234, 'Lanco', 13),
(235, 'Los Lagos', 13),
(236, 'Máfil', 13),
(237, 'Mariquina', 13),
(238, 'Paillaco', 13),
(239, 'Panguipulli', 13),
(240, 'La Unión', 13),
(241, 'Futrono', 13),
(242, 'Lago Ranco', 13),
(243, 'Río Bueno', 13),
(244, 'Puerto Montt', 14),
(245, 'Calbuco', 14),
(246, 'Cochamó', 14),
(247, 'Fresia', 14),
(248, 'Frutillar', 14),
(249, 'Los Muermos', 14),
(250, 'Llanquihue', 14),
(251, 'Maullín', 14),
(252, 'Puerto Varas', 14),
(253, 'Castro', 14),
(254, 'Ancud', 14),
(255, 'Chonchi', 14),
(256, 'Curaco de Vélez', 14),
(257, 'Dalcahue', 14),
(258, 'Puqueldón', 14),
(259, 'Queilén', 14),
(260, 'Quellón', 14),
(261, 'Quemchi', 14),
(262, 'Quinchao', 14),
(263, 'Osorno', 14),
(264, 'Puerto Octay', 14),
(265, 'Purranque', 14),
(266, 'Puyehue', 14),
(267, 'Río Negro', 14),
(268, 'San Juan de la Costa', 14),
(269, 'San Pablo', 14),
(270, 'Chaitén', 14),
(271, 'Futaleufú', 14),
(272, 'Hualaihué', 14),
(273, 'Palena', 14),
(274, 'Coihaique', 15),
(275, 'Lago Verde', 15),
(276, 'Aisén', 15),
(277, 'Cisnes', 15),
(278, 'Guaitecas', 15),
(279, 'Cochrane', 15),
(280, E'O Higgins', 15),
(281, 'Tortel', 15),
(282, 'Chile Chico', 15),
(283, 'Río Ibáñez', 15),
(284, 'Punta Arenas', 16),
(285, 'Laguna Blanca', 16),
(286, 'Río Verde', 16),
(287, 'San Gregorio', 16),
(288, 'Cabo de Hornos (Ex Navarino)', 16),
(289, 'Antártica', 16),
(290, 'Porvenir', 16),
(291, 'Primavera', 16),
(292, 'Timaukel', 16),
(293, 'Natales', 16),
(294, 'Torres del Paine', 16),
(295, 'Cerrillos', 7),
(296, 'Cerro Navia', 7),
(297, 'Conchalí', 7),
(298, 'El Bosque', 7),
(299, 'Estación Central', 7),
(300, 'Huechuraba', 7),
(301, 'Independencia', 7),
(302, 'La Cisterna', 7),
(303, 'La Florida', 7),
(304, 'La Granja', 7),
(305, 'La Pintana', 7),
(306, 'La Reina', 7),
(307, 'Las Condes', 7),
(308, 'Lo Barnechea', 7),
(309, 'Lo Espejo', 7),
(310, 'Lo Prado', 7),
(311, 'Macul', 7),
(312, 'Maipú', 7),
(313, 'Ñuñoa', 7),
(314, 'Pedro Aguirre Cerda', 7),
(315, 'Peñalolén', 7),
(316, 'Providencia', 7),
(317, 'Pudahuel', 7),
(318, 'Quilicura', 7),
(319, 'Quinta Normal', 7),
(320, 'Recoleta', 7),
(321, 'Renca', 7),
(322, 'Santiago', 7),
(323, 'San Joaquín', 7),
(324, 'San Miguel', 7),
(325, 'San Ramón', 7),
(326, 'Vitacura', 7),
(327, 'Puente Alto', 7),
(328, 'Pirque', 7),
(329, 'San José de Maipo', 7),
(330, 'Colina', 7),
(331, 'Lampa', 7),
(332, 'Tiltil', 7),
(333, 'San Bernardo', 7),
(334, 'Buin', 7),
(335, 'Calera de Tango', 7),
(336, 'Paine', 7),
(337, 'Melipilla', 7),
(338, 'Alhué', 7),
(339, 'Curacaví', 7),
(340, 'María Pinto', 7),
(341, 'San Pedro', 7),
(342, 'Talagante', 7),
(343, 'El Monte', 7),
(344, 'Isla de Maipo', 7),
(345, 'Padre Hurtado', 7),
(346, 'Peñaflor', 7);

/* 
Segun datos de imagenes de examen:

Insert 'Tutores'
 */
INSERT INTO Tutor(codigo_tutor, rut, nombre, apellido_pat, apellido_mat, direccion, cargo, codigo_comuna)
VALUES
(1, '11.111.111-1', 'Nombre1', 'Apellido_Pat_1', 'Apellido_Mat_2', 'Direccion_1', 'Relator', 334),
(2, '22.222.222-2', 'Nombre2', 'Apellido_Pat_1', 'Apellido_Mat_2', 'Direccion_1', 'Relator', 322),
(3, '33.333.333-3', 'Nombre3', 'Apellido_Pat_1', 'Apellido_Mat_2', 'Direccion_1', 'Relator', 80),
(4, '44.444.444-4', 'Nombre4', 'Apellido_Pat_1', 'Apellido_Mat_2', 'Direccion_1', 'Relator', 320),
(5, '55.555.555-5', 'Nombre5', 'Apellido_Pat_1', 'Apellido_Mat_2', 'Direccion_1', 'Ayudante', 327),
(6, '66.666.666-6', 'Nombre6', 'Apellido_Pat_1', 'Apellido_Mat_2', 'Direccion_1', 'Ayudante', 322),
(7, '77.777.777-7', 'Nombre7', 'Apellido_Pat_1', 'Apellido_Mat_2', 'Direccion_1', 'Ayudante', 312),
(8, '88.888.888-8', 'Nombre8', 'Apellido_Pat_1', 'Apellido_Mat_2', 'Direccion_1', 'Ayudante', 334),
(9, '99.999.999-9', 'Nombre9', 'Apellido_Pat_1', 'Apellido_Mat_2', 'Direccion_1', 'Ayudante', 31),
(10, '17.000.300-0', 'Nombre10', 'Apellido_Pat_1', 'Apellido_Mat_2', 'Direccion_1', 'Relator', 22),
(11, '17.000.301-1', 'Nombre11', 'Apellido_Pat_1', 'Apellido_Mat_2', 'Direccion_1', 'Relator', 214),
(12, '17.000.302-2', 'Nombre12', 'Apellido_Pat_1', 'Apellido_Mat_2', 'Direccion_1', 'Relator', 196),
(13, '17.000.303-3', 'Nombre13', 'Apellido_Pat_1', 'Apellido_Mat_2', 'Direccion_1', 'Relator', 118),
(14, '17.000.304-4', 'Nombre14', 'Apellido_Pat_1', 'Apellido_Mat_2', 'Direccion_1', 'Relator', 222),
(15, '17.000.305-5', 'Nombre15', 'Apellido_Pat_1', 'Apellido_Mat_2', 'Direccion_1', 'Relator', 209),
(16, '17.000.306-6', 'Nombre16', 'Apellido_Pat_1', 'Apellido_Mat_2', 'Direccion_1', 'Ayudante', 216),
(17, '17.000.307-7', 'Nombre17', 'Apellido_Pat_1', 'Apellido_Mat_2', 'Direccion_1', 'Ayudante', 90),
(18, '17.000.308-8', 'Nombre18', 'Apellido_Pat_1', 'Apellido_Mat_2', 'Direccion_1', 'Ayudante', 313),
(19, '17.000.309-9', 'Nombre19', 'Apellido_Pat_1', 'Apellido_Mat_2', 'Direccion_1', 'Ayudante', 346),
(20, '17.000.310-0', 'Nombre20', 'Apellido_Pat_1', 'Apellido_Mat_2', 'Direccion_1', 'Ayudante', 322),
(21, '17.000.311-1', 'Nombre20', 'Apellido_Pat_1', 'Apellido_Mat_2', 'Direccion_1', 'Ayudante', 322),

/* 
Insert 'Modulos'
 */
INSERT INTO Modulo(codigo_modulo, descripcion, duracion_horas)
VALUES
(1, 'Orientación al perfil y metodología', 18),
(2, 'Desarrollo de portafolio de un producto digital', 18),
(3, 'Desarrollo de empleabilidad en la industria digital', 18),
(4, 'Fundamentos de desarrollo frontend', 72),
(5, 'Fundamentos de programación Python', 72),
(6, 'Programación avanzada en Python', 56),
(7, 'Fundamentos de bases de datos relacionales', 56),
(8, 'Desarrollo de aplicaciones web con Python Django', 72),
(9, 'Acceso a datos en aplicaciones Python Django', 80),
(10, 'Fundamentos de programación en JS', 60),
(11, 'Programación avanzada en JS', 48),
(12, 'Desarrollo de aplicaciones web node express', 72),
(13, 'Acceso a datos en aplicaciones node', 64),
(14, 'Implementación de API backend node express', 46),
(15, 'Fundamentos de programación Java', 144),
(16, 'Desarrollo de aplicaciones web dinámicas Java', 64),
(17, 'Desarrollo de aplicaciones JEE con Spring Framework', 90),
(18, 'Desarrollo de la interfaz de usuario web', 56),
(19, 'Desarrollo de interfaces interactivas con Framework VUE', 80),
(20, 'Desarrollo de aplicaciones frontend con Framework VUE', 80),
(21, 'Introducción a los negocios tecnológicos', 30),
(22, 'Design Thinking', 24),
(23, 'Lean Startup', 16),
(24, 'Diseño de producto para emprendimiento digital', 44),
(25, 'Introducción al desarrollo web para emprendimiento', 48),
(26, 'Introducción a la programación con Ruby', 60),
(27, 'Introducción a las bases de datos para emprendimiento', 56),
(28, 'Introducción a desarrollo de aplicaciones ROR', 60),
(29, 'Desarrollo de aplicaciones ROR', 60),
(30, 'Visión del producto en un emprendimiento', 28),
(31, 'Presentación del producto y levantamiento', 24);

/* 
Insert 'Planes Formativos'
 */
INSERT INTO plan_formativo(codigo_plan_formativo, descripcion, duracion_horas)
VALUES
('A1','Desarrollo de aplifaciones Frontend Trainee',438),
('A2','Desarrollo de aplifaciones FullStack Java Trainee',480),
('A3','Desarrollo de aplifaciones FullStack JavaScript Trainee',472),
('A4','Desarrollo de aplifaciones FullStack Python Trainee',462),
('A5','Emprendimiento digital con Ruby On Rails',450);

/* 
Insert 'Planes Modulos'
 */
INSERT INTO plan_modulo(codigo_plan_formativo, codigo_modulo)
VALUES
('A1',1),
('A1',4),
('A1',18),
('A1',10),
('A1',11),
('A1',19),
('A1',20),
('A1',2),
('A1',3),
('A2',1),
('A2',4),
('A2',7),
('A2',15),
('A2',16),
('A2',17),
('A2',2),
('A2',3),
('A3',1),
('A3',4),
('A3',10),
('A3',11),
('A3',7),
('A3',12),
('A3',13),
('A3',14),
('A3',2),
('A3',3),
('A4',1),
('A4',4),
('A4',5),
('A4',6),
('A4',7),
('A4',8),
('A4',9),
('A4',2),
('A4',3),
('A5',21),
('A5',22),
('A5',23),
('A5',24),
('A5',25),
('A5',26),
('A5',27),
('A5',28),
('A5',29),
('A5',30),
('A5',31);

/* 
Insert 'Cursos'
 */
INSERT INTO Curso(codigo_curso, fecha_inicio, fecha_termno, codigo_comuna, codigo_plan_formativo)
VALUES
('0004', '2022-03-16', '2022-08-09', 303, 'A2'),
('0010', '2022-03-17', '2022-08-05', 302, 'A4'),
('0008', '2021-12-20', '2022-03-05', 306, 'A4'),
('0006', '2021-12-20', '2022-05-30', 305, 'A3'),
('0045', '2022-04-05', '2022-07-21', 304, 'A5'),
('0009', '2021-12-20', '2022-06-04', 304, 'A4'),
('0007', '2022-03-15', '2022-08-12', 303, 'A3'),
('0001', '2022-03-15', '2022-08-12', 303, 'A2'),
('0031', '2022-03-17', '2022-08-09', 303, 'A5'),
('0046', '2022-03-17', '2022-08-05', 250, 'A5'),
('0012', '2022-03-15', '2022-08-06', 258, 'A1'),
('0003', '2022-03-15', '2022-08-05', 317, 'A2'),
('0027', '2022-03-17', '2022-08-06', 303, 'A1'),
('0044', '2022-03-18', '2022-08-06', 201, 'A5'),
('0005', '2022-03-19', '2022-08-12', 47, 'A3'),
('0032', '2022-03-18', '2022-08-08', 90, 'A5'),
('0013', '2022-03-19', '2022-08-08', 56, 'A1'),
('0029', '2022-03-19', '2022-08-12', 303, 'A2'),
('0002', '2022-03-18', '2022-08-06', 303, 'A2'),
('0028', '2022-03-18', '2022-08-06', 303, 'A2'),
('0047', '2022-03-16', '2022-08-06', 303, 'A5');

/* 
Insert 'Tutores de Modulos de Cursos'
 */
INSERT INTO curso_modulo_tutor(codigo_curso, codigo_modulo, codigo_tutor)
VALUES
('0004', 1, 8),
('0004', 1, 36),
('0004', 4, 8),
('0004', 4, 36),
('0004', 7, 8),
('0004', 7, 36),
('0004', 15, 8),
('0004', 15, 36),
('0004', 16, 8),
('0004', 16, 36),
('0004', 17, 8),
('0004', 17, 36),
('0004', 2, 8),
('0004', 2, 36),
('0004', 3, 8),
('0004', 3, 36),
('0001', 1, 6),
('0001', 1, 33),
('0001', 4, 6),
('0001', 4, 33),
('0001', 7, 6),
('0001', 7, 33),
('0001', 15, 6),
('0001', 15, 33),
('0001', 16, 6),
('0001', 16, 33),
('0001', 17, 6),
('0001', 17, 33),
('0001', 2, 6),
('0001', 2, 33),
('0001', 3, 6),
('0001', 3, 33),
('0002', 1, 7),
('0002', 1, 35),
('0002', 4, 7),
('0002', 4, 35),
('0002', 7, 7),
('0002', 7, 35),
('0002', 15, 7),
('0002', 15, 35),
('0002', 16, 7),
('0002', 16, 35),
('0002', 17, 7),
('0002', 17, 35),
('0002', 2, 7),
('0002', 2, 35),
('0002', 3, 7),
('0002', 3, 35),
('0003', 1, 6),
('0003', 1, 34),
('0003', 4, 6),
('0003', 4, 34),
('0003', 7, 6),
('0003', 7, 34),
('0003', 15, 6),
('0003', 15, 34),
('0003', 16, 6),
('0003', 16, 34),
('0003', 17, 6),
('0003', 17, 34),
('0003', 2, 6),
('0003', 2, 34),
('0003', 3, 6),
('0003', 3, 34),
('0028', 1, 11),
('0028', 1, 40),
('0028', 4, 11),
('0028', 4, 40),
('0028', 7, 11),
('0028', 7, 40),
('0028', 15, 11),
('0028', 15, 40),
('0028', 16, 11),
('0028', 16, 40),
('0028', 17, 11),
('0028', 17, 40),
('0028', 2, 11),
('0028', 2, 40),
('0028', 3, 11),
('0028', 3, 40),
('0029', 1, 12),
('0029', 1, 42),
('0029', 4, 12),
('0029', 4, 42),
('0029', 7, 12),
('0029', 7, 42),
('0029', 15, 12),
('0029', 15, 42),
('0029', 16, 12),
('0029', 16, 42),
('0029', 17, 12),
('0029', 17, 42),
('0029', 2, 12),
('0029', 2, 42),
('0029', 3, 12),
('0029', 3, 42),
('0010', 1, 5),
('0010', 1, 32),
('0010', 4, 5),
('0010', 4, 32),
('0010', 5, 5),
('0010', 5, 32),
('0010', 6, 5),
('0010', 6, 32),
('0010', 7, 5),
('0010', 7, 32),
('0010', 8, 5),
('0010', 8, 32),
('0010', 9, 5),
('0010', 9, 32),
('0010', 2, 5),
('0010', 2, 32),
('0010', 3, 5),
('0010', 3, 32),
('0008', 1, 4),
('0008', 1, 31),
('0008', 4, 4),
('0008', 4, 31),
('0008', 5, 4),
('0008', 5, 31),
('0008', 6, 4),
('0008', 6, 31),
('0008', 7, 4),
('0008', 7, 31),
('0008', 8, 4),
('0008', 8, 31),
('0008', 9, 4),
('0008', 9, 31),
('0008', 2, 4),
('0008', 2, 31),
('0008', 3, 4),
('0008', 3, 31),
('0009', 1, 4),
('0009', 1, 31),
('0009', 4, 4),
('0009', 4, 31),
('0009', 5, 4),
('0009', 5, 31),
('0009', 6, 4),
('0009', 6, 31),
('0009', 7, 4),
('0009', 7, 31),
('0009', 8, 4),
('0009', 8, 31),
('0009', 9, 4),
('0009', 9, 31),
('0009', 2, 4),
('0009', 2, 31),
('0009', 3, 4),
('0009', 3, 31),
('0006', 1, 1),
('0006', 1, 28),
('0006', 4, 1),
('0006', 4, 28),
('0006', 10, 1),
('0006', 10, 28),
('0006', 11, 1),
('0006', 11, 28),
('0006', 7, 1),
('0006', 7, 28),
('0006', 12, 1),
('0006', 12, 28),
('0006', 13, 1),
('0006', 13, 28),
('0006', 14, 1),
('0006', 14, 28),
('0006', 2, 1),
('0006', 2, 28),
('0006', 3, 1),
('0006', 3, 28),
('0005', 1, 3),
('0005', 1, 30),
('0005', 4, 3),
('0005', 4, 30),
('0005', 10, 3),
('0005', 10, 30),
('0005', 11, 3),
('0005', 11, 30),
('0005', 7, 3),
('0005', 7, 30),
('0005', 12, 3),
('0005', 12, 30),
('0005', 13, 3),
('0005', 13, 30),
('0005', 14, 3),
('0005', 14, 30),
('0005', 2, 3),
('0005', 2, 30),
('0005', 3, 3),
('0005', 3, 30),
('0007', 1, 2),
('0007', 1, 29),
('0007', 4, 2),
('0007', 4, 29),
('0007', 10, 2),
('0007', 10, 29),
('0007', 11, 2),
('0007', 11, 29),
('0007', 7, 2),
('0007', 7, 29),
('0007', 12, 2),
('0007', 12, 29),
('0007', 13, 2),
('0007', 13, 29),
('0007', 14, 2),
('0007', 14, 29),
('0007', 2, 2),
('0007', 2, 29),
('0007', 3, 2),
('0007', 3, 29),
('0012', 1, 10),
('0012', 1, 39),
('0012', 4, 10),
('0012', 4, 39),
('0012', 18, 10),
('0012', 18, 39),
('0012', 10, 10),
('0012', 10, 39),
('0012', 11, 10),
('0012', 11, 39),
('0012', 19, 10),
('0012', 19, 39),
('0012', 20, 10),
('0012', 20, 39),
('0012', 2, 10),
('0012', 2, 39),
('0012', 3, 10),
('0012', 3, 39),
('0013', 1, 9),
('0013', 1, 37),
('0013', 4, 9),
('0013', 4, 37),
('0013', 18, 9),
('0013', 18, 37),
('0013', 10, 9),
('0013', 10, 37),
('0013', 11, 9),
('0013', 11, 37),
('0013', 19, 9),
('0013', 19, 37),
('0013', 20, 9),
('0013', 20, 37),
('0013', 2, 9),
('0013', 2, 37),
('0013', 3, 9),
('0013', 3, 37),
('0027', 1, 9),
('0027', 1, 38),
('0027', 4, 9),
('0027', 4, 38),
('0027', 18, 9),
('0027', 18, 38),
('0027', 10, 9),
('0027', 10, 38),
('0027', 11, 9),
('0027', 11, 38),
('0027', 19, 9),
('0027', 19, 38),
('0027', 20, 9),
('0027', 20, 38),
('0027', 2, 9),
('0027', 2, 38),
('0027', 3, 9),
('0027', 3, 38),
('0031', 21, 13),
('0031', 21, 43),
('0031', 22, 14),
('0031', 22, 43),
('0031', 23, 13),
('0031', 23, 43),
('0031', 24, 14),
('0031', 24, 43),
('0031', 25, 15),
('0031', 25, 43),
('0031', 26, 15),
('0031', 26, 43),
('0031', 27, 15),
('0031', 27, 43),
('0031', 28, 15),
('0031', 28, 43),
('0031', 29, 15),
('0031', 29, 43),
('0031', 30, 13),
('0031', 30, 43),
('0031', 31, 15),
('0031', 31, 43),
('0032', 21, 13),
('0032', 21, 44),
('0032', 22, 14),
('0032', 22, 44),
('0032', 23, 13),
('0032', 23, 44),
('0032', 24, 14),
('0032', 24, 44),
('0032', 25, 16),
('0032', 25, 44),
('0032', 26, 16),
('0032', 26, 44),
('0032', 27, 16),
('0032', 27, 44),
('0032', 28, 16),
('0032', 28, 44),
('0032', 29, 16),
('0032', 29, 44),
('0032', 30, 13),
('0032', 30, 44),
('0032', 31, 16),
('0032', 31, 44),
('0044', 21, 17),
('0044', 21, 45),
('0044', 22, 18),
('0044', 22, 45),
('0044', 23, 17),
('0044', 23, 45),
('0044', 24, 18),
('0044', 24, 45),
('0044', 25, 20),
('0044', 25, 45),
('0044', 26, 20),
('0044', 26, 45),
('0044', 27, 20),
('0044', 27, 45),
('0044', 28, 20),
('0044', 28, 45),
('0044', 29, 20),
('0044', 29, 45),
('0044', 30, 19),
('0044', 30, 45),
('0044', 31, 20),
('0044', 31, 45),
('0045', 21, 21),
('0045', 21, 46),
('0045', 22, 18),
('0045', 22, 46),
('0045', 23, 21),
('0045', 23, 46),
('0045', 24, 18),
('0045', 24, 46),
('0045', 25, 4),
('0045', 25, 46),
('0045', 26, 4),
('0045', 26, 46),
('0045', 27, 4),
('0045', 27, 46),
('0045', 28, 4),
('0045', 28, 46),
('0045', 29, 4),
('0045', 29, 46),
('0045', 30, 13),
('0045', 30, 46),
('0045', 31, 4),
('0045', 31, 46),
('0046', 21, 21),
('0046', 21, 46),
('0046', 22, 22),
('0046', 22, 46),
('0046', 23, 21),
('0046', 23, 46),
('0046', 24, 22),
('0046', 24, 46),
('0046', 25, 23),
('0046', 25, 46),
('0046', 26, 23),
('0046', 26, 46),
('0046', 27, 23),
('0046', 27, 46),
('0046', 28, 23),
('0046', 28, 46),
('0046', 29, 23),
('0046', 29, 46),
('0046', 30, 13),
('0046', 30, 46),
('0046', 31, 23),
('0046', 31, 46),
('0047', 21, 24),
('0047', 21, 47),
('0047', 22, 25),
('0047', 22, 47),
('0047', 23, 24),
('0047', 23, 47),
('0047', 24, 26),
('0047', 24, 47),
('0047', 25, 27),
('0047', 25, 47),
('0047', 26, 27),
('0047', 26, 47),
('0047', 27, 27),
('0047', 27, 47),
('0047', 28, 27),
('0047', 28, 47),
('0047', 29, 27),
('0047', 29, 47),
('0047', 30, 13),
('0047', 30, 47),
('0047', 31, 27),
('0047', 31, 47);

/* 
Insert 'Estudiantes' 
*/
INSERT INTO estudiante(id_estudiante, rut, nombre, apellido_pat, apellido_mat, direccion, codigo_comuna, codigo_curso)
VALUES
(1, '18000000-0', 'nombre_estudiante0', 'apellido_paterno0', 'apellido_materno0', 'direccion0', 196, '0004'),
(2, '18000001-1', 'nombre_estudiante1', 'apellido_paterno1', 'apellido_materno1', 'direccion1', 238, '0004'),
(3, '18000002-2', 'nombre_estudiante2', 'apellido_paterno2', 'apellido_materno2', 'direccion2', 188, '0004'),
(4, '18000003-3', 'nombre_estudiante3', 'apellido_paterno3', 'apellido_materno3', 'direccion3', 81, '0004'),
(5, '18000004-4', 'nombre_estudiante4', 'apellido_paterno4', 'apellido_materno4', 'direccion4', 116, '0004'),
(6, '18000005-5', 'nombre_estudiante5', 'apellido_paterno5', 'apellido_materno5', 'direccion5', 11, '0004'),
(7, '18000006-6', 'nombre_estudiante6', 'apellido_paterno6', 'apellido_materno6', 'direccion6', 337, '0004'),
(8, '18000007-7', 'nombre_estudiante7', 'apellido_paterno7', 'apellido_materno7', 'direccion7', 266, '0004'),
(9, '18000008-8', 'nombre_estudiante8', 'apellido_paterno8', 'apellido_materno8', 'direccion8', 86, '0004'),
(10, '18000009-9', 'nombre_estudiante9', 'apellido_paterno9', 'apellido_materno9', 'direccion9', 135, '0004'),
(11, '18000010-0', 'nombre_estudiante10', 'apellido_paterno10', 'apellido_materno10', 'direccion10', 66, '0004'),
(12, '18000011-1', 'nombre_estudiante11', 'apellido_paterno11', 'apellido_materno11', 'direccion11', 207, '0004'),
(13, '18000012-2', 'nombre_estudiante12', 'apellido_paterno12', 'apellido_materno12', 'direccion12', 278, '0004'),
(14, '18000013-3', 'nombre_estudiante13', 'apellido_paterno13', 'apellido_materno13', 'direccion13', 124, '0004'),
(15, '18000014-4', 'nombre_estudiante14', 'apellido_paterno14', 'apellido_materno14', 'direccion14', 233, '0004'),
(16, '18000015-5', 'nombre_estudiante15', 'apellido_paterno15', 'apellido_materno15', 'direccion15', 183, '0004'),
(17, '18000016-6', 'nombre_estudiante16', 'apellido_paterno16', 'apellido_materno16', 'direccion16', 32, '0004'),
(18, '18000017-7', 'nombre_estudiante17', 'apellido_paterno17', 'apellido_materno17', 'direccion17', 290, '0004'),
(19, '18000018-8', 'nombre_estudiante18', 'apellido_paterno18', 'apellido_materno18', 'direccion18', 312, '0004'),
(20, '18000019-9', 'nombre_estudiante19', 'apellido_paterno19', 'apellido_materno19', 'direccion19', 209, '0004'),
(21, '18000020-0', 'nombre_estudiante20', 'apellido_paterno20', 'apellido_materno20', 'direccion20', 207, '0004'),
(22, '18000021-1', 'nombre_estudiante21', 'apellido_paterno21', 'apellido_materno21', 'direccion21', 231, '0004'),
(23, '18000022-2', 'nombre_estudiante22', 'apellido_paterno22', 'apellido_materno22', 'direccion22', 298, '0004'),
(24, '18000023-3', 'nombre_estudiante23', 'apellido_paterno23', 'apellido_materno23', 'direccion23', 26, '0004'),
(25, '18000024-4', 'nombre_estudiante24', 'apellido_paterno24', 'apellido_materno24', 'direccion24', 316, '0004'),
(26, '18000025-5', 'nombre_estudiante25', 'apellido_paterno25', 'apellido_materno25', 'direccion25', 247, '0004'),
(27, '18000026-6', 'nombre_estudiante26', 'apellido_paterno26', 'apellido_materno26', 'direccion26', 14, '0004'),
(28, '18000027-7', 'nombre_estudiante27', 'apellido_paterno27', 'apellido_materno27', 'direccion27', 129, '0004'),
(29, '18000028-8', 'nombre_estudiante28', 'apellido_paterno28', 'apellido_materno28', 'direccion28', 126, '0004'),
(30, '18000029-9', 'nombre_estudiante29', 'apellido_paterno29', 'apellido_materno29', 'direccion29', 19, '0004'),
(31, '18000030-0', 'nombre_estudiante30', 'apellido_paterno30', 'apellido_materno30', 'direccion30', 98, '0010'),
(32, '18000031-1', 'nombre_estudiante31', 'apellido_paterno31', 'apellido_materno31', 'direccion31', 39, '0010'),
(33, '18000032-2', 'nombre_estudiante32', 'apellido_paterno32', 'apellido_materno32', 'direccion32', 149, '0010'),
(34, '18000033-3', 'nombre_estudiante33', 'apellido_paterno33', 'apellido_materno33', 'direccion33', 240, '0010'),
(35, '18000034-4', 'nombre_estudiante34', 'apellido_paterno34', 'apellido_materno34', 'direccion34', 242, '0010'),
(36, '18000035-5', 'nombre_estudiante35', 'apellido_paterno35', 'apellido_materno35', 'direccion35', 220, '0010'),
(37, '18000036-6', 'nombre_estudiante36', 'apellido_paterno36', 'apellido_materno36', 'direccion36', 315, '0010'),
(38, '18000037-7', 'nombre_estudiante37', 'apellido_paterno37', 'apellido_materno37', 'direccion37', 241, '0010'),
(39, '18000038-8', 'nombre_estudiante38', 'apellido_paterno38', 'apellido_materno38', 'direccion38', 8, '0010'),
(40, '18000039-9', 'nombre_estudiante39', 'apellido_paterno39', 'apellido_materno39', 'direccion39', 306, '0010'),
(41, '18000040-0', 'nombre_estudiante40', 'apellido_paterno40', 'apellido_materno40', 'direccion40', 175, '0010'),
(42, '18000041-1', 'nombre_estudiante41', 'apellido_paterno41', 'apellido_materno41', 'direccion41', 107, '0010'),
(43, '18000042-2', 'nombre_estudiante42', 'apellido_paterno42', 'apellido_materno42', 'direccion42', 272, '0010'),
(44, '18000043-3', 'nombre_estudiante43', 'apellido_paterno43', 'apellido_materno43', 'direccion43', 272, '0010'),
(45, '18000044-4', 'nombre_estudiante44', 'apellido_paterno44', 'apellido_materno44', 'direccion44', 161, '0010'),
(46, '18000045-5', 'nombre_estudiante45', 'apellido_paterno45', 'apellido_materno45', 'direccion45', 105, '0010'),
(47, '18000046-6', 'nombre_estudiante46', 'apellido_paterno46', 'apellido_materno46', 'direccion46', 311, '0010'),
(48, '18000047-7', 'nombre_estudiante47', 'apellido_paterno47', 'apellido_materno47', 'direccion47', 21, '0010'),
(49, '18000048-8', 'nombre_estudiante48', 'apellido_paterno48', 'apellido_materno48', 'direccion48', 261, '0010'),
(50, '18000049-9', 'nombre_estudiante49', 'apellido_paterno49', 'apellido_materno49', 'direccion49', 222, '0010'),
(51, '18000050-0', 'nombre_estudiante50', 'apellido_paterno50', 'apellido_materno50', 'direccion50', 304, '0010'),
(52, '18000051-1', 'nombre_estudiante51', 'apellido_paterno51', 'apellido_materno51', 'direccion51', 110, '0010'),
(53, '18000052-2', 'nombre_estudiante52', 'apellido_paterno52', 'apellido_materno52', 'direccion52', 268, '0010'),
(54, '18000053-3', 'nombre_estudiante53', 'apellido_paterno53', 'apellido_materno53', 'direccion53', 276, '0010'),
(55, '18000054-4', 'nombre_estudiante54', 'apellido_paterno54', 'apellido_materno54', 'direccion54', 332, '0010'),
(56, '18000055-5', 'nombre_estudiante55', 'apellido_paterno55', 'apellido_materno55', 'direccion55', 166, '0010'),
(57, '18000056-6', 'nombre_estudiante56', 'apellido_paterno56', 'apellido_materno56', 'direccion56', 274, '0010'),
(58, '18000057-7', 'nombre_estudiante57', 'apellido_paterno57', 'apellido_materno57', 'direccion57', 187, '0010'),
(59, '18000058-8', 'nombre_estudiante58', 'apellido_paterno58', 'apellido_materno58', 'direccion58', 35, '0010'),
(60, '18000059-9', 'nombre_estudiante59', 'apellido_paterno59', 'apellido_materno59', 'direccion59', 59, '0010'),
(61, '18000060-0', 'nombre_estudiante60', 'apellido_paterno60', 'apellido_materno60', 'direccion60', 149, '0008'),
(62, '18000061-1', 'nombre_estudiante61', 'apellido_paterno61', 'apellido_materno61', 'direccion61', 87, '0008'),
(63, '18000062-2', 'nombre_estudiante62', 'apellido_paterno62', 'apellido_materno62', 'direccion62', 126, '0008'),
(64, '18000063-3', 'nombre_estudiante63', 'apellido_paterno63', 'apellido_materno63', 'direccion63', 180, '0008'),
(65, '18000064-4', 'nombre_estudiante64', 'apellido_paterno64', 'apellido_materno64', 'direccion64', 11, '0008'),
(66, '18000065-5', 'nombre_estudiante65', 'apellido_paterno65', 'apellido_materno65', 'direccion65', 57, '0008'),
(67, '18000066-6', 'nombre_estudiante66', 'apellido_paterno66', 'apellido_materno66', 'direccion66', 230, '0008'),
(68, '18000067-7', 'nombre_estudiante67', 'apellido_paterno67', 'apellido_materno67', 'direccion67', 313, '0008'),
(69, '18000068-8', 'nombre_estudiante68', 'apellido_paterno68', 'apellido_materno68', 'direccion68', 127, '0008'),
(70, '18000069-9', 'nombre_estudiante69', 'apellido_paterno69', 'apellido_materno69', 'direccion69', 182, '0008'),
(71, '18000070-0', 'nombre_estudiante70', 'apellido_paterno70', 'apellido_materno70', 'direccion70', 176, '0008'),
(72, '18000071-1', 'nombre_estudiante71', 'apellido_paterno71', 'apellido_materno71', 'direccion71', 195, '0008'),
(73, '18000072-2', 'nombre_estudiante72', 'apellido_paterno72', 'apellido_materno72', 'direccion72', 19, '0008'),
(74, '18000073-3', 'nombre_estudiante73', 'apellido_paterno73', 'apellido_materno73', 'direccion73', 80, '0008'),
(75, '18000074-4', 'nombre_estudiante74', 'apellido_paterno74', 'apellido_materno74', 'direccion74', 220, '0008'),
(76, '18000075-5', 'nombre_estudiante75', 'apellido_paterno75', 'apellido_materno75', 'direccion75', 152, '0008'),
(77, '18000076-6', 'nombre_estudiante76', 'apellido_paterno76', 'apellido_materno76', 'direccion76', 267, '0008'),
(78, '18000077-7', 'nombre_estudiante77', 'apellido_paterno77', 'apellido_materno77', 'direccion77', 223, '0008'),
(79, '18000078-8', 'nombre_estudiante78', 'apellido_paterno78', 'apellido_materno78', 'direccion78', 235, '0008'),
(80, '18000079-9', 'nombre_estudiante79', 'apellido_paterno79', 'apellido_materno79', 'direccion79', 52, '0008'),
(81, '18000080-0', 'nombre_estudiante80', 'apellido_paterno80', 'apellido_materno80', 'direccion80', 252, '0008'),
(82, '18000081-1', 'nombre_estudiante81', 'apellido_paterno81', 'apellido_materno81', 'direccion81', 93, '0008'),
(83, '18000082-2', 'nombre_estudiante82', 'apellido_paterno82', 'apellido_materno82', 'direccion82', 205, '0008'),
(84, '18000083-3', 'nombre_estudiante83', 'apellido_paterno83', 'apellido_materno83', 'direccion83', 50, '0008'),
(85, '18000084-4', 'nombre_estudiante84', 'apellido_paterno84', 'apellido_materno84', 'direccion84', 231, '0008'),
(86, '18000085-5', 'nombre_estudiante85', 'apellido_paterno85', 'apellido_materno85', 'direccion85', 344, '0008'),
(87, '18000086-6', 'nombre_estudiante86', 'apellido_paterno86', 'apellido_materno86', 'direccion86', 115, '0008'),
(88, '18000087-7', 'nombre_estudiante87', 'apellido_paterno87', 'apellido_materno87', 'direccion87', 56, '0008'),
(89, '18000088-8', 'nombre_estudiante88', 'apellido_paterno88', 'apellido_materno88', 'direccion88', 148, '0008'),
(90, '18000089-9', 'nombre_estudiante89', 'apellido_paterno89', 'apellido_materno89', 'direccion89', 276, '0008'),
(91, '18000090-0', 'nombre_estudiante90', 'apellido_paterno90', 'apellido_materno90', 'direccion90', 107, '0006'),
(92, '18000091-1', 'nombre_estudiante91', 'apellido_paterno91', 'apellido_materno91', 'direccion91', 50, '0006'),
(93, '18000092-2', 'nombre_estudiante92', 'apellido_paterno92', 'apellido_materno92', 'direccion92', 304, '0006'),
(94, '18000093-3', 'nombre_estudiante93', 'apellido_paterno93', 'apellido_materno93', 'direccion93', 289, '0006'),
(95, '18000094-4', 'nombre_estudiante94', 'apellido_paterno94', 'apellido_materno94', 'direccion94', 98, '0006'),
(96, '18000095-5', 'nombre_estudiante95', 'apellido_paterno95', 'apellido_materno95', 'direccion95', 175, '0006'),
(97, '18000096-6', 'nombre_estudiante96', 'apellido_paterno96', 'apellido_materno96', 'direccion96', 185, '0006'),
(98, '18000097-7', 'nombre_estudiante97', 'apellido_paterno97', 'apellido_materno97', 'direccion97', 78, '0006'),
(99, '18000098-8', 'nombre_estudiante98', 'apellido_paterno98', 'apellido_materno98', 'direccion98', 6, '0006'),
(100, '18000099-9', 'nombre_estudiante99', 'apellido_paterno99', 'apellido_materno99', 'direccion99', 144, '0006'),
(101, '18000100-0', 'nombre_estudiante100', 'apellido_paterno100', 'apellido_materno100', 'direccion100', 3, '0006'),
(102, '18000101-1', 'nombre_estudiante101', 'apellido_paterno101', 'apellido_materno101', 'direccion101', 12, '0006'),
(103, '18000102-2', 'nombre_estudiante102', 'apellido_paterno102', 'apellido_materno102', 'direccion102', 341, '0006'),
(104, '18000103-3', 'nombre_estudiante103', 'apellido_paterno103', 'apellido_materno103', 'direccion103', 121, '0006'),
(105, '18000104-4', 'nombre_estudiante104', 'apellido_paterno104', 'apellido_materno104', 'direccion104', 100, '0006'),
(106, '18000105-5', 'nombre_estudiante105', 'apellido_paterno105', 'apellido_materno105', 'direccion105', 222, '0006'),
(107, '18000106-6', 'nombre_estudiante106', 'apellido_paterno106', 'apellido_materno106', 'direccion106', 2, '0006'),
(108, '18000107-7', 'nombre_estudiante107', 'apellido_paterno107', 'apellido_materno107', 'direccion107', 182, '0006'),
(109, '18000108-8', 'nombre_estudiante108', 'apellido_paterno108', 'apellido_materno108', 'direccion108', 122, '0006'),
(110, '18000109-9', 'nombre_estudiante109', 'apellido_paterno109', 'apellido_materno109', 'direccion109', 60, '0006'),
(111, '18000110-0', 'nombre_estudiante110', 'apellido_paterno110', 'apellido_materno110', 'direccion110', 115, '0006'),
(112, '18000111-1', 'nombre_estudiante111', 'apellido_paterno111', 'apellido_materno111', 'direccion111', 239, '0006'),
(113, '18000112-2', 'nombre_estudiante112', 'apellido_paterno112', 'apellido_materno112', 'direccion112', 159, '0006'),
(114, '18000113-3', 'nombre_estudiante113', 'apellido_paterno113', 'apellido_materno113', 'direccion113', 268, '0006'),
(115, '18000114-4', 'nombre_estudiante114', 'apellido_paterno114', 'apellido_materno114', 'direccion114', 260, '0006'),
(116, '18000115-5', 'nombre_estudiante115', 'apellido_paterno115', 'apellido_materno115', 'direccion115', 297, '0006'),
(117, '18000116-6', 'nombre_estudiante116', 'apellido_paterno116', 'apellido_materno116', 'direccion116', 48, '0006'),
(118, '18000117-7', 'nombre_estudiante117', 'apellido_paterno117', 'apellido_materno117', 'direccion117', 244, '0006'),
(119, '18000118-8', 'nombre_estudiante118', 'apellido_paterno118', 'apellido_materno118', 'direccion118', 289, '0006'),
(120, '18000119-9', 'nombre_estudiante119', 'apellido_paterno119', 'apellido_materno119', 'direccion119', 325, '0006'),
(121, '18000120-0', 'nombre_estudiante120', 'apellido_paterno120', 'apellido_materno120', 'direccion120', 330, '0045'),
(122, '18000121-1', 'nombre_estudiante121', 'apellido_paterno121', 'apellido_materno121', 'direccion121', 302, '0045'),
(123, '18000122-2', 'nombre_estudiante122', 'apellido_paterno122', 'apellido_materno122', 'direccion122', 289, '0045'),
(124, '18000123-3', 'nombre_estudiante123', 'apellido_paterno123', 'apellido_materno123', 'direccion123', 173, '0045'),
(125, '18000124-4', 'nombre_estudiante124', 'apellido_paterno124', 'apellido_materno124', 'direccion124', 52, '0045'),
(126, '18000125-5', 'nombre_estudiante125', 'apellido_paterno125', 'apellido_materno125', 'direccion125', 277, '0045'),
(127, '18000126-6', 'nombre_estudiante126', 'apellido_paterno126', 'apellido_materno126', 'direccion126', 319, '0045'),
(128, '18000127-7', 'nombre_estudiante127', 'apellido_paterno127', 'apellido_materno127', 'direccion127', 83, '0045'),
(129, '18000128-8', 'nombre_estudiante128', 'apellido_paterno128', 'apellido_materno128', 'direccion128', 242, '0045'),
(130, '18000129-9', 'nombre_estudiante129', 'apellido_paterno129', 'apellido_materno129', 'direccion129', 196, '0045'),
(131, '18000130-0', 'nombre_estudiante130', 'apellido_paterno130', 'apellido_materno130', 'direccion130', 232, '0045'),
(132, '18000131-1', 'nombre_estudiante131', 'apellido_paterno131', 'apellido_materno131', 'direccion131', 83, '0045'),
(133, '18000132-2', 'nombre_estudiante132', 'apellido_paterno132', 'apellido_materno132', 'direccion132', 182, '0045'),
(134, '18000133-3', 'nombre_estudiante133', 'apellido_paterno133', 'apellido_materno133', 'direccion133', 150, '0045'),
(135, '18000134-4', 'nombre_estudiante134', 'apellido_paterno134', 'apellido_materno134', 'direccion134', 142, '0045'),
(136, '18000135-5', 'nombre_estudiante135', 'apellido_paterno135', 'apellido_materno135', 'direccion135', 190, '0045'),
(137, '18000136-6', 'nombre_estudiante136', 'apellido_paterno136', 'apellido_materno136', 'direccion136', 63, '0045'),
(138, '18000137-7', 'nombre_estudiante137', 'apellido_paterno137', 'apellido_materno137', 'direccion137', 198, '0045'),
(139, '18000138-8', 'nombre_estudiante138', 'apellido_paterno138', 'apellido_materno138', 'direccion138', 17, '0045'),
(140, '18000139-9', 'nombre_estudiante139', 'apellido_paterno139', 'apellido_materno139', 'direccion139', 333, '0045'),
(141, '18000140-0', 'nombre_estudiante140', 'apellido_paterno140', 'apellido_materno140', 'direccion140', 271, '0045'),
(142, '18000141-1', 'nombre_estudiante141', 'apellido_paterno141', 'apellido_materno141', 'direccion141', 338, '0045'),
(143, '18000142-2', 'nombre_estudiante142', 'apellido_paterno142', 'apellido_materno142', 'direccion142', 217, '0045'),
(144, '18000143-3', 'nombre_estudiante143', 'apellido_paterno143', 'apellido_materno143', 'direccion143', 223, '0045'),
(145, '18000144-4', 'nombre_estudiante144', 'apellido_paterno144', 'apellido_materno144', 'direccion144', 71, '0045'),
(146, '18000145-5', 'nombre_estudiante145', 'apellido_paterno145', 'apellido_materno145', 'direccion145', 108, '0045'),
(147, '18000146-6', 'nombre_estudiante146', 'apellido_paterno146', 'apellido_materno146', 'direccion146', 62, '0045'),
(148, '18000147-7', 'nombre_estudiante147', 'apellido_paterno147', 'apellido_materno147', 'direccion147', 73, '0045'),
(149, '18000148-8', 'nombre_estudiante148', 'apellido_paterno148', 'apellido_materno148', 'direccion148', 271, '0045'),
(150, '18000149-9', 'nombre_estudiante149', 'apellido_paterno149', 'apellido_materno149', 'direccion149', 277, '0045'),
(151, '18000150-0', 'nombre_estudiante150', 'apellido_paterno150', 'apellido_materno150', 'direccion150', 263, '0009'),
(152, '18000151-1', 'nombre_estudiante151', 'apellido_paterno151', 'apellido_materno151', 'direccion151', 33, '0009'),
(153, '18000152-2', 'nombre_estudiante152', 'apellido_paterno152', 'apellido_materno152', 'direccion152', 77, '0009'),
(154, '18000153-3', 'nombre_estudiante153', 'apellido_paterno153', 'apellido_materno153', 'direccion153', 305, '0009'),
(155, '18000154-4', 'nombre_estudiante154', 'apellido_paterno154', 'apellido_materno154', 'direccion154', 228, '0009'),
(156, '18000155-5', 'nombre_estudiante155', 'apellido_paterno155', 'apellido_materno155', 'direccion155', 194, '0009'),
(157, '18000156-6', 'nombre_estudiante156', 'apellido_paterno156', 'apellido_materno156', 'direccion156', 128, '0009'),
(158, '18000157-7', 'nombre_estudiante157', 'apellido_paterno157', 'apellido_materno157', 'direccion157', 37, '0009'),
(159, '18000158-8', 'nombre_estudiante158', 'apellido_paterno158', 'apellido_materno158', 'direccion158', 282, '0009'),
(160, '18000159-9', 'nombre_estudiante159', 'apellido_paterno159', 'apellido_materno159', 'direccion159', 235, '0009'),
(161, '18000160-0', 'nombre_estudiante160', 'apellido_paterno160', 'apellido_materno160', 'direccion160', 205, '0009'),
(162, '18000161-1', 'nombre_estudiante161', 'apellido_paterno161', 'apellido_materno161', 'direccion161', 151, '0009'),
(163, '18000162-2', 'nombre_estudiante162', 'apellido_paterno162', 'apellido_materno162', 'direccion162', 155, '0009'),
(164, '18000163-3', 'nombre_estudiante163', 'apellido_paterno163', 'apellido_materno163', 'direccion163', 198, '0009'),
(165, '18000164-4', 'nombre_estudiante164', 'apellido_paterno164', 'apellido_materno164', 'direccion164', 22, '0009'),
(166, '18000165-5', 'nombre_estudiante165', 'apellido_paterno165', 'apellido_materno165', 'direccion165', 230, '0009'),
(167, '18000166-6', 'nombre_estudiante166', 'apellido_paterno166', 'apellido_materno166', 'direccion166', 68, '0009'),
(168, '18000167-7', 'nombre_estudiante167', 'apellido_paterno167', 'apellido_materno167', 'direccion167', 42, '0009'),
(169, '18000168-8', 'nombre_estudiante168', 'apellido_paterno168', 'apellido_materno168', 'direccion168', 346, '0009'),
(170, '18000169-9', 'nombre_estudiante169', 'apellido_paterno169', 'apellido_materno169', 'direccion169', 327, '0009'),
(171, '18000170-0', 'nombre_estudiante170', 'apellido_paterno170', 'apellido_materno170', 'direccion170', 203, '0009'),
(172, '18000171-1', 'nombre_estudiante171', 'apellido_paterno171', 'apellido_materno171', 'direccion171', 208, '0009'),
(173, '18000172-2', 'nombre_estudiante172', 'apellido_paterno172', 'apellido_materno172', 'direccion172', 335, '0009'),
(174, '18000173-3', 'nombre_estudiante173', 'apellido_paterno173', 'apellido_materno173', 'direccion173', 327, '0009'),
(175, '18000174-4', 'nombre_estudiante174', 'apellido_paterno174', 'apellido_materno174', 'direccion174', 311, '0009'),
(176, '18000175-5', 'nombre_estudiante175', 'apellido_paterno175', 'apellido_materno175', 'direccion175', 95, '0009'),
(177, '18000176-6', 'nombre_estudiante176', 'apellido_paterno176', 'apellido_materno176', 'direccion176', 34, '0009'),
(178, '18000177-7', 'nombre_estudiante177', 'apellido_paterno177', 'apellido_materno177', 'direccion177', 296, '0009'),
(179, '18000178-8', 'nombre_estudiante178', 'apellido_paterno178', 'apellido_materno178', 'direccion178', 335, '0009'),
(180, '18000179-9', 'nombre_estudiante179', 'apellido_paterno179', 'apellido_materno179', 'direccion179', 278, '0009'),
(181, '18000180-0', 'nombre_estudiante180', 'apellido_paterno180', 'apellido_materno180', 'direccion180', 193, '0007'),
(182, '18000181-1', 'nombre_estudiante181', 'apellido_paterno181', 'apellido_materno181', 'direccion181', 262, '0007'),
(183, '18000182-2', 'nombre_estudiante182', 'apellido_paterno182', 'apellido_materno182', 'direccion182', 342, '0007'),
(184, '18000183-3', 'nombre_estudiante183', 'apellido_paterno183', 'apellido_materno183', 'direccion183', 249, '0007'),
(185, '18000184-4', 'nombre_estudiante184', 'apellido_paterno184', 'apellido_materno184', 'direccion184', 52, '0007'),
(186, '18000185-5', 'nombre_estudiante185', 'apellido_paterno185', 'apellido_materno185', 'direccion185', 241, '0007'),
(187, '18000186-6', 'nombre_estudiante186', 'apellido_paterno186', 'apellido_materno186', 'direccion186', 265, '0007'),
(188, '18000187-7', 'nombre_estudiante187', 'apellido_paterno187', 'apellido_materno187', 'direccion187', 306, '0007'),
(189, '18000188-8', 'nombre_estudiante188', 'apellido_paterno188', 'apellido_materno188', 'direccion188', 102, '0007'),
(190, '18000189-9', 'nombre_estudiante189', 'apellido_paterno189', 'apellido_materno189', 'direccion189', 323, '0007'),
(191, '18000190-0', 'nombre_estudiante190', 'apellido_paterno190', 'apellido_materno190', 'direccion190', 341, '0007'),
(192, '18000191-1', 'nombre_estudiante191', 'apellido_paterno191', 'apellido_materno191', 'direccion191', 67, '0007'),
(193, '18000192-2', 'nombre_estudiante192', 'apellido_paterno192', 'apellido_materno192', 'direccion192', 109, '0007'),
(194, '18000193-3', 'nombre_estudiante193', 'apellido_paterno193', 'apellido_materno193', 'direccion193', 263, '0007'),
(195, '18000194-4', 'nombre_estudiante194', 'apellido_paterno194', 'apellido_materno194', 'direccion194', 41, '0007'),
(196, '18000195-5', 'nombre_estudiante195', 'apellido_paterno195', 'apellido_materno195', 'direccion195', 311, '0007'),
(197, '18000196-6', 'nombre_estudiante196', 'apellido_paterno196', 'apellido_materno196', 'direccion196', 249, '0007'),
(198, '18000197-7', 'nombre_estudiante197', 'apellido_paterno197', 'apellido_materno197', 'direccion197', 346, '0007'),
(199, '18000198-8', 'nombre_estudiante198', 'apellido_paterno198', 'apellido_materno198', 'direccion198', 10, '0007'),
(200, '18000199-9', 'nombre_estudiante199', 'apellido_paterno199', 'apellido_materno199', 'direccion199', 126, '0007'),
(201, '18000200-0', 'nombre_estudiante200', 'apellido_paterno200', 'apellido_materno200', 'direccion200', 183, '0007'),
(202, '18000201-1', 'nombre_estudiante201', 'apellido_paterno201', 'apellido_materno201', 'direccion201', 203, '0007'),
(203, '18000202-2', 'nombre_estudiante202', 'apellido_paterno202', 'apellido_materno202', 'direccion202', 17, '0007'),
(204, '18000203-3', 'nombre_estudiante203', 'apellido_paterno203', 'apellido_materno203', 'direccion203', 303, '0007'),
(205, '18000204-4', 'nombre_estudiante204', 'apellido_paterno204', 'apellido_materno204', 'direccion204', 244, '0007'),
(206, '18000205-5', 'nombre_estudiante205', 'apellido_paterno205', 'apellido_materno205', 'direccion205', 273, '0007'),
(207, '18000206-6', 'nombre_estudiante206', 'apellido_paterno206', 'apellido_materno206', 'direccion206', 198, '0007'),
(208, '18000207-7', 'nombre_estudiante207', 'apellido_paterno207', 'apellido_materno207', 'direccion207', 125, '0007'),
(209, '18000208-8', 'nombre_estudiante208', 'apellido_paterno208', 'apellido_materno208', 'direccion208', 208, '0007'),
(210, '18000209-9', 'nombre_estudiante209', 'apellido_paterno209', 'apellido_materno209', 'direccion209', 74, '0007'),
(211, '18000210-0', 'nombre_estudiante210', 'apellido_paterno210', 'apellido_materno210', 'direccion210', 270, '0001'),
(212, '18000211-1', 'nombre_estudiante211', 'apellido_paterno211', 'apellido_materno211', 'direccion211', 288, '0001'),
(213, '18000212-2', 'nombre_estudiante212', 'apellido_paterno212', 'apellido_materno212', 'direccion212', 247, '0001'),
(214, '18000213-3', 'nombre_estudiante213', 'apellido_paterno213', 'apellido_materno213', 'direccion213', 66, '0001'),
(215, '18000214-4', 'nombre_estudiante214', 'apellido_paterno214', 'apellido_materno214', 'direccion214', 20, '0001'),
(216, '18000215-5', 'nombre_estudiante215', 'apellido_paterno215', 'apellido_materno215', 'direccion215', 195, '0001'),
(217, '18000216-6', 'nombre_estudiante216', 'apellido_paterno216', 'apellido_materno216', 'direccion216', 38, '0001'),
(218, '18000217-7', 'nombre_estudiante217', 'apellido_paterno217', 'apellido_materno217', 'direccion217', 220, '0001'),
(219, '18000218-8', 'nombre_estudiante218', 'apellido_paterno218', 'apellido_materno218', 'direccion218', 76, '0001'),
(220, '18000219-9', 'nombre_estudiante219', 'apellido_paterno219', 'apellido_materno219', 'direccion219', 173, '0001'),
(221, '18000220-0', 'nombre_estudiante220', 'apellido_paterno220', 'apellido_materno220', 'direccion220', 11, '0001'),
(222, '18000221-1', 'nombre_estudiante221', 'apellido_paterno221', 'apellido_materno221', 'direccion221', 152, '0001'),
(223, '18000222-2', 'nombre_estudiante222', 'apellido_paterno222', 'apellido_materno222', 'direccion222', 308, '0001'),
(224, '18000223-3', 'nombre_estudiante223', 'apellido_paterno223', 'apellido_materno223', 'direccion223', 283, '0001'),
(225, '18000224-4', 'nombre_estudiante224', 'apellido_paterno224', 'apellido_materno224', 'direccion224', 1, '0001'),
(226, '18000225-5', 'nombre_estudiante225', 'apellido_paterno225', 'apellido_materno225', 'direccion225', 99, '0001'),
(227, '18000226-6', 'nombre_estudiante226', 'apellido_paterno226', 'apellido_materno226', 'direccion226', 322, '0001'),
(228, '18000227-7', 'nombre_estudiante227', 'apellido_paterno227', 'apellido_materno227', 'direccion227', 215, '0001'),
(229, '18000228-8', 'nombre_estudiante228', 'apellido_paterno228', 'apellido_materno228', 'direccion228', 248, '0001'),
(230, '18000229-9', 'nombre_estudiante229', 'apellido_paterno229', 'apellido_materno229', 'direccion229', 34, '0001'),
(231, '18000230-0', 'nombre_estudiante230', 'apellido_paterno230', 'apellido_materno230', 'direccion230', 57, '0001'),
(232, '18000231-1', 'nombre_estudiante231', 'apellido_paterno231', 'apellido_materno231', 'direccion231', 33, '0001'),
(233, '18000232-2', 'nombre_estudiante232', 'apellido_paterno232', 'apellido_materno232', 'direccion232', 113, '0001'),
(234, '18000233-3', 'nombre_estudiante233', 'apellido_paterno233', 'apellido_materno233', 'direccion233', 252, '0001'),
(235, '18000234-4', 'nombre_estudiante234', 'apellido_paterno234', 'apellido_materno234', 'direccion234', 227, '0001'),
(236, '18000235-5', 'nombre_estudiante235', 'apellido_paterno235', 'apellido_materno235', 'direccion235', 269, '0001'),
(237, '18000236-6', 'nombre_estudiante236', 'apellido_paterno236', 'apellido_materno236', 'direccion236', 320, '0001'),
(238, '18000237-7', 'nombre_estudiante237', 'apellido_paterno237', 'apellido_materno237', 'direccion237', 117, '0001'),
(239, '18000238-8', 'nombre_estudiante238', 'apellido_paterno238', 'apellido_materno238', 'direccion238', 19, '0001'),
(240, '18000239-9', 'nombre_estudiante239', 'apellido_paterno239', 'apellido_materno239', 'direccion239', 307, '0001'),
(241, '18000240-0', 'nombre_estudiante240', 'apellido_paterno240', 'apellido_materno240', 'direccion240', 92, '0031'),
(242, '18000241-1', 'nombre_estudiante241', 'apellido_paterno241', 'apellido_materno241', 'direccion241', 161, '0031'),
(243, '18000242-2', 'nombre_estudiante242', 'apellido_paterno242', 'apellido_materno242', 'direccion242', 235, '0031'),
(244, '18000243-3', 'nombre_estudiante243', 'apellido_paterno243', 'apellido_materno243', 'direccion243', 297, '0031'),
(245, '18000244-4', 'nombre_estudiante244', 'apellido_paterno244', 'apellido_materno244', 'direccion244', 179, '0031'),
(246, '18000245-5', 'nombre_estudiante245', 'apellido_paterno245', 'apellido_materno245', 'direccion245', 61, '0031'),
(247, '18000246-6', 'nombre_estudiante246', 'apellido_paterno246', 'apellido_materno246', 'direccion246', 6, '0031'),
(248, '18000247-7', 'nombre_estudiante247', 'apellido_paterno247', 'apellido_materno247', 'direccion247', 292, '0031'),
(249, '18000248-8', 'nombre_estudiante248', 'apellido_paterno248', 'apellido_materno248', 'direccion248', 128, '0031'),
(250, '18000249-9', 'nombre_estudiante249', 'apellido_paterno249', 'apellido_materno249', 'direccion249', 267, '0031'),
(251, '18000250-0', 'nombre_estudiante250', 'apellido_paterno250', 'apellido_materno250', 'direccion250', 227, '0031'),
(252, '18000251-1', 'nombre_estudiante251', 'apellido_paterno251', 'apellido_materno251', 'direccion251', 263, '0031'),
(253, '18000252-2', 'nombre_estudiante252', 'apellido_paterno252', 'apellido_materno252', 'direccion252', 128, '0031'),
(254, '18000253-3', 'nombre_estudiante253', 'apellido_paterno253', 'apellido_materno253', 'direccion253', 134, '0031'),
(255, '18000254-4', 'nombre_estudiante254', 'apellido_paterno254', 'apellido_materno254', 'direccion254', 289, '0031'),
(256, '18000255-5', 'nombre_estudiante255', 'apellido_paterno255', 'apellido_materno255', 'direccion255', 26, '0031'),
(257, '18000256-6', 'nombre_estudiante256', 'apellido_paterno256', 'apellido_materno256', 'direccion256', 295, '0031'),
(258, '18000257-7', 'nombre_estudiante257', 'apellido_paterno257', 'apellido_materno257', 'direccion257', 138, '0031'),
(259, '18000258-8', 'nombre_estudiante258', 'apellido_paterno258', 'apellido_materno258', 'direccion258', 11, '0031'),
(260, '18000259-9', 'nombre_estudiante259', 'apellido_paterno259', 'apellido_materno259', 'direccion259', 58, '0031'),
(261, '18000260-0', 'nombre_estudiante260', 'apellido_paterno260', 'apellido_materno260', 'direccion260', 192, '0031'),
(262, '18000261-1', 'nombre_estudiante261', 'apellido_paterno261', 'apellido_materno261', 'direccion261', 265, '0031'),
(263, '18000262-2', 'nombre_estudiante262', 'apellido_paterno262', 'apellido_materno262', 'direccion262', 186, '0031'),
(264, '18000263-3', 'nombre_estudiante263', 'apellido_paterno263', 'apellido_materno263', 'direccion263', 187, '0031'),
(265, '18000264-4', 'nombre_estudiante264', 'apellido_paterno264', 'apellido_materno264', 'direccion264', 128, '0031'),
(266, '18000265-5', 'nombre_estudiante265', 'apellido_paterno265', 'apellido_materno265', 'direccion265', 129, '0031'),
(267, '18000266-6', 'nombre_estudiante266', 'apellido_paterno266', 'apellido_materno266', 'direccion266', 174, '0031'),
(268, '18000267-7', 'nombre_estudiante267', 'apellido_paterno267', 'apellido_materno267', 'direccion267', 34, '0031'),
(269, '18000268-8', 'nombre_estudiante268', 'apellido_paterno268', 'apellido_materno268', 'direccion268', 49, '0031'),
(270, '18000269-9', 'nombre_estudiante269', 'apellido_paterno269', 'apellido_materno269', 'direccion269', 206, '0031'),
(271, '18000270-0', 'nombre_estudiante270', 'apellido_paterno270', 'apellido_materno270', 'direccion270', 141, '0046'),
(272, '18000271-1', 'nombre_estudiante271', 'apellido_paterno271', 'apellido_materno271', 'direccion271', 247, '0046'),
(273, '18000272-2', 'nombre_estudiante272', 'apellido_paterno272', 'apellido_materno272', 'direccion272', 248, '0046'),
(274, '18000273-3', 'nombre_estudiante273', 'apellido_paterno273', 'apellido_materno273', 'direccion273', 100, '0046'),
(275, '18000274-4', 'nombre_estudiante274', 'apellido_paterno274', 'apellido_materno274', 'direccion274', 115, '0046'),
(276, '18000275-5', 'nombre_estudiante275', 'apellido_paterno275', 'apellido_materno275', 'direccion275', 320, '0046'),
(277, '18000276-6', 'nombre_estudiante276', 'apellido_paterno276', 'apellido_materno276', 'direccion276', 225, '0046'),
(278, '18000277-7', 'nombre_estudiante277', 'apellido_paterno277', 'apellido_materno277', 'direccion277', 141, '0046'),
(279, '18000278-8', 'nombre_estudiante278', 'apellido_paterno278', 'apellido_materno278', 'direccion278', 236, '0046'),
(280, '18000279-9', 'nombre_estudiante279', 'apellido_paterno279', 'apellido_materno279', 'direccion279', 140, '0046'),
(281, '18000280-0', 'nombre_estudiante280', 'apellido_paterno280', 'apellido_materno280', 'direccion280', 156, '0046'),
(282, '18000281-1', 'nombre_estudiante281', 'apellido_paterno281', 'apellido_materno281', 'direccion281', 277, '0046'),
(283, '18000282-2', 'nombre_estudiante282', 'apellido_paterno282', 'apellido_materno282', 'direccion282', 303, '0046'),
(284, '18000283-3', 'nombre_estudiante283', 'apellido_paterno283', 'apellido_materno283', 'direccion283', 325, '0046'),
(285, '18000284-4', 'nombre_estudiante284', 'apellido_paterno284', 'apellido_materno284', 'direccion284', 24, '0046'),
(286, '18000285-5', 'nombre_estudiante285', 'apellido_paterno285', 'apellido_materno285', 'direccion285', 71, '0046'),
(287, '18000286-6', 'nombre_estudiante286', 'apellido_paterno286', 'apellido_materno286', 'direccion286', 276, '0046'),
(288, '18000287-7', 'nombre_estudiante287', 'apellido_paterno287', 'apellido_materno287', 'direccion287', 260, '0046'),
(289, '18000288-8', 'nombre_estudiante288', 'apellido_paterno288', 'apellido_materno288', 'direccion288', 75, '0046'),
(290, '18000289-9', 'nombre_estudiante289', 'apellido_paterno289', 'apellido_materno289', 'direccion289', 97, '0046'),
(291, '18000290-0', 'nombre_estudiante290', 'apellido_paterno290', 'apellido_materno290', 'direccion290', 61, '0046'),
(292, '18000291-1', 'nombre_estudiante291', 'apellido_paterno291', 'apellido_materno291', 'direccion291', 277, '0046'),
(293, '18000292-2', 'nombre_estudiante292', 'apellido_paterno292', 'apellido_materno292', 'direccion292', 183, '0046'),
(294, '18000293-3', 'nombre_estudiante293', 'apellido_paterno293', 'apellido_materno293', 'direccion293', 224, '0046'),
(295, '18000294-4', 'nombre_estudiante294', 'apellido_paterno294', 'apellido_materno294', 'direccion294', 318, '0046'),
(296, '18000295-5', 'nombre_estudiante295', 'apellido_paterno295', 'apellido_materno295', 'direccion295', 7, '0046'),
(297, '18000296-6', 'nombre_estudiante296', 'apellido_paterno296', 'apellido_materno296', 'direccion296', 315, '0046'),
(298, '18000297-7', 'nombre_estudiante297', 'apellido_paterno297', 'apellido_materno297', 'direccion297', 93, '0046'),
(299, '18000298-8', 'nombre_estudiante298', 'apellido_paterno298', 'apellido_materno298', 'direccion298', 207, '0046'),
(300, '18000299-9', 'nombre_estudiante299', 'apellido_paterno299', 'apellido_materno299', 'direccion299', 291, '0046'),
(301, '18000300-0', 'nombre_estudiante300', 'apellido_paterno300', 'apellido_materno300', 'direccion300', 22, '0012'),
(302, '18000301-1', 'nombre_estudiante301', 'apellido_paterno301', 'apellido_materno301', 'direccion301', 214, '0012'),
(303, '18000302-2', 'nombre_estudiante302', 'apellido_paterno302', 'apellido_materno302', 'direccion302', 196, '0012'),
(304, '18000303-3', 'nombre_estudiante303', 'apellido_paterno303', 'apellido_materno303', 'direccion303', 118, '0012'),
(305, '18000304-4', 'nombre_estudiante304', 'apellido_paterno304', 'apellido_materno304', 'direccion304', 222, '0012'),
(306, '18000305-5', 'nombre_estudiante305', 'apellido_paterno305', 'apellido_materno305', 'direccion305', 209, '0012'),
(307, '18000306-6', 'nombre_estudiante306', 'apellido_paterno306', 'apellido_materno306', 'direccion306', 216, '0012'),
(308, '18000307-7', 'nombre_estudiante307', 'apellido_paterno307', 'apellido_materno307', 'direccion307', 41, '0012'),
(309, '18000308-8', 'nombre_estudiante308', 'apellido_paterno308', 'apellido_materno308', 'direccion308', 66, '0012'),
(310, '18000309-9', 'nombre_estudiante309', 'apellido_paterno309', 'apellido_materno309', 'direccion309', 179, '0012'),
(311, '18000310-0', 'nombre_estudiante310', 'apellido_paterno310', 'apellido_materno310', 'direccion310', 313, '0012'),
(312, '18000311-1', 'nombre_estudiante311', 'apellido_paterno311', 'apellido_materno311', 'direccion311', 158, '0012'),
(313, '18000312-2', 'nombre_estudiante312', 'apellido_paterno312', 'apellido_materno312', 'direccion312', 182, '0012'),
(314, '18000313-3', 'nombre_estudiante313', 'apellido_paterno313', 'apellido_materno313', 'direccion313', 340, '0012'),
(315, '18000314-4', 'nombre_estudiante314', 'apellido_paterno314', 'apellido_materno314', 'direccion314', 163, '0012'),
(316, '18000315-5', 'nombre_estudiante315', 'apellido_paterno315', 'apellido_materno315', 'direccion315', 204, '0012'),
(317, '18000316-6', 'nombre_estudiante316', 'apellido_paterno316', 'apellido_materno316', 'direccion316', 124, '0012'),
(318, '18000317-7', 'nombre_estudiante317', 'apellido_paterno317', 'apellido_materno317', 'direccion317', 314, '0012'),
(319, '18000318-8', 'nombre_estudiante318', 'apellido_paterno318', 'apellido_materno318', 'direccion318', 285, '0012'),
(320, '18000319-9', 'nombre_estudiante319', 'apellido_paterno319', 'apellido_materno319', 'direccion319', 31, '0012'),
(321, '18000320-0', 'nombre_estudiante320', 'apellido_paterno320', 'apellido_materno320', 'direccion320', 292, '0012'),
(322, '18000321-1', 'nombre_estudiante321', 'apellido_paterno321', 'apellido_materno321', 'direccion321', 95, '0012'),
(323, '18000322-2', 'nombre_estudiante322', 'apellido_paterno322', 'apellido_materno322', 'direccion322', 228, '0012'),
(324, '18000323-3', 'nombre_estudiante323', 'apellido_paterno323', 'apellido_materno323', 'direccion323', 171, '0012'),
(325, '18000324-4', 'nombre_estudiante324', 'apellido_paterno324', 'apellido_materno324', 'direccion324', 169, '0012'),
(326, '18000325-5', 'nombre_estudiante325', 'apellido_paterno325', 'apellido_materno325', 'direccion325', 74, '0012'),
(327, '18000326-6', 'nombre_estudiante326', 'apellido_paterno326', 'apellido_materno326', 'direccion326', 103, '0012'),
(328, '18000327-7', 'nombre_estudiante327', 'apellido_paterno327', 'apellido_materno327', 'direccion327', 4, '0012'),
(329, '18000328-8', 'nombre_estudiante328', 'apellido_paterno328', 'apellido_materno328', 'direccion328', 122, '0012'),
(330, '18000329-9', 'nombre_estudiante329', 'apellido_paterno329', 'apellido_materno329', 'direccion329', 124, '0012'),
(331, '18000330-0', 'nombre_estudiante330', 'apellido_paterno330', 'apellido_materno330', 'direccion330', 103, '0003'),
(332, '18000331-1', 'nombre_estudiante331', 'apellido_paterno331', 'apellido_materno331', 'direccion331', 65, '0003'),
(333, '18000332-2', 'nombre_estudiante332', 'apellido_paterno332', 'apellido_materno332', 'direccion332', 218, '0003'),
(334, '18000333-3', 'nombre_estudiante333', 'apellido_paterno333', 'apellido_materno333', 'direccion333', 14, '0003'),
(335, '18000334-4', 'nombre_estudiante334', 'apellido_paterno334', 'apellido_materno334', 'direccion334', 333, '0003'),
(336, '18000335-5', 'nombre_estudiante335', 'apellido_paterno335', 'apellido_materno335', 'direccion335', 75, '0003'),
(337, '18000336-6', 'nombre_estudiante336', 'apellido_paterno336', 'apellido_materno336', 'direccion336', 221, '0003'),